CommitId;RefactoringType;RefactoringDetail
9f0cf429830fb84b2e5e1de23d184b3af1799f43;Rename Class;Rename Class	eu.faircode.netguard.Receiver renamed to eu.faircode.netguard.ReceiverAutostart
a86f281409ec5618f247dd3a23ccc82aa20c091e;Extract Method;Extract Method	private createNotificationChannels() : void extracted from public onCreate() : void in class eu.faircode.netguard.ApplicationEx
a86f281409ec5618f247dd3a23ccc82aa20c091e;Extract Method;Extract Method	private listenNetworkChanges() : void extracted from public onCreate() : void in class eu.faircode.netguard.ServiceSinkhole
a86f281409ec5618f247dd3a23ccc82aa20c091e;Extract Method;Extract Method	private listenConnectivityChanges() : void extracted from public onCreate() : void in class eu.faircode.netguard.ServiceSinkhole
a86f281409ec5618f247dd3a23ccc82aa20c091e;Extract Method;Extract Method	private unlistenNetworkChanges() : void extracted from public onDestroy() : void in class eu.faircode.netguard.ServiceSinkhole
a86f281409ec5618f247dd3a23ccc82aa20c091e;Extract Method;Extract Method	private setTaskColor(context Context) : void extracted from public setTheme(context Context) : void in class eu.faircode.netguard.Util
9e30ad752a8bb0acd341332711a62380355994c2;Rename Method;Rename Method	public reload_conditional(reason String context Context) : void renamed to public reload_interactive(reason String context Context) : void in class eu.faircode.netguard.ServiceSinkhole
e04db5d0f906235660af30185d60194ff9ac627a;Rename Method;Rename Method	public isInternational(context Context) : boolean renamed to public isNational(context Context) : boolean in class eu.faircode.netguard.Util
02cc7d41afa6db4bd621d56474eec81af133bee4;Move Method;Move Method	public notifyNewApplication(uid int context Context) : void from class eu.faircode.netguard.Receiver to public notifyNewApplication(uid int) : void from class eu.faircode.netguard.ServiceSinkhole
673810cca62598f950d5d6d2842dec5425101aa2;Rename Class;Rename Class	eu.faircode.netguard.Widget renamed to eu.faircode.netguard.WidgetMain
673810cca62598f950d5d6d2842dec5425101aa2;Extract Method;Extract Method	private menu_lockdown(item MenuItem) : void extracted from public onOptionsItemSelected(item MenuItem) : boolean in class eu.faircode.netguard.ActivityMain
401355f978fc61d4459f6ee9ab06109d8fe4cbe3;Extract Method;Extract Method	private isLockedDown(metered boolean) : boolean extracted from private prepareUidIPFilters(dname String) : void in class eu.faircode.netguard.ServiceSinkhole
401355f978fc61d4459f6ee9ab06109d8fe4cbe3;Extract Method;Extract Method	private isLockedDown(metered boolean) : boolean extracted from private getAllowedRules(listRule List<Rule>) : List<Rule> in class eu.faircode.netguard.ServiceSinkhole
401355f978fc61d4459f6ee9ab06109d8fe4cbe3;Extract Method;Extract Method	private isLockedDown(metered boolean) : boolean extracted from private getEnforcingNotification(allowed int blocked int hosts int) : Notification in class eu.faircode.netguard.ServiceSinkhole
e295abfffa7da75961b8811c7aa31fe6acd615a0;Rename Method;Rename Method	private getIntent(packageName String context Context) : Intent renamed to private getIntentLaunch(packageName String context Context) : Intent in class eu.faircode.netguard.Rule
2b2e7175417c85c08430e1c79e44575dac9fc794;Rename Method;Rename Method	private loadAds() : void renamed to private initAds() : void in class eu.faircode.netguard.ActivityMain
2b2e7175417c85c08430e1c79e44575dac9fc794;Rename Method;Rename Method	private reloadAds() : void renamed to private enableAds() : void in class eu.faircode.netguard.ActivityMain
2b2e7175417c85c08430e1c79e44575dac9fc794;Inline Method;Inline Method	private recreateAds() : void inlined to private disableAds() : void in class eu.faircode.netguard.ActivityMain
2b2e7175417c85c08430e1c79e44575dac9fc794;Inline Method;Inline Method	private requestAds() : void inlined to private enableAds() : void in class eu.faircode.netguard.ActivityMain
82dfd13c2e629bd40e39e4f063f4f22e21983ff7;Extract Method;Extract Method	private recreateAds() : void extracted from private reloadAds() : void in class eu.faircode.netguard.ActivityMain
82dfd13c2e629bd40e39e4f063f4f22e21983ff7;Extract Method;Extract Method	private recreateAds() : void extracted from private disableAds() : void in class eu.faircode.netguard.ActivityMain
8ccf97047b765ce9b2f06f61771f08849d9f1f25;Extract Method;Extract Method	private showHints() : void extracted from protected onCreate(savedInstanceState Bundle) : void in class eu.faircode.netguard.ActivityMain
92ce19211a27298bf97018e4cb05ec8bd5a18c44;Move Attribute;Move Attribute	public INTENT_ON : String from class eu.faircode.netguard.Widget to class eu.faircode.netguard.WidgetAdmin
92ce19211a27298bf97018e4cb05ec8bd5a18c44;Move Attribute;Move Attribute	public INTENT_OFF : String from class eu.faircode.netguard.Widget to class eu.faircode.netguard.WidgetAdmin
92ce19211a27298bf97018e4cb05ec8bd5a18c44;Move Method;Move Method	public onReceive(context Context intent Intent) : void from class eu.faircode.netguard.Widget to public onReceive(context Context intent Intent) : void from class eu.faircode.netguard.WidgetAdmin
ede7219684528ce5cda766e23852cd7ba485d7a0;Extract Method;Extract Method	private update() : void extracted from public onStartListening() : void in class eu.faircode.netguard.ServiceTileGraph
ede7219684528ce5cda766e23852cd7ba485d7a0;Extract Method;Extract Method	private update() : void extracted from public onSharedPreferenceChanged(prefs SharedPreferences key String) : void in class eu.faircode.netguard.ServiceTileGraph
ede7219684528ce5cda766e23852cd7ba485d7a0;Extract Method;Extract Method	private update() : void extracted from public onStartListening() : void in class eu.faircode.netguard.ServiceTileMain
ede7219684528ce5cda766e23852cd7ba485d7a0;Extract Method;Extract Method	private update() : void extracted from public onSharedPreferenceChanged(prefs SharedPreferences key String) : void in class eu.faircode.netguard.ServiceTileMain
e707529560aa86d6f554cca3984caa0e77a06f8d;Rename Class;Rename Class	eu.faircode.netguard.ServiceTile renamed to eu.faircode.netguard.ServiceTileMain
857ba8890b0eab5bf6ae70466cfba2cec19f95e3;Extract Method;Extract Method	public getFingerprint(context Context) : String extracted from public hasValidFingerprint(context Context) : boolean in class eu.faircode.netguard.Util
090f43bf12897da7eb6d9ca8901b265b73623f4a;Rename Method;Rename Method	private showExitNotification(reason String) : void renamed to private showErrorNotification(message String) : void in class eu.faircode.netguard.ServiceSinkhole
22741f34765345414b2cb99b6b91978720763259;Move Method;Move Method	private set(intent Intent) : void from class eu.faircode.netguard.ServiceSinkhole.CommandHandler to private set(intent Intent) : void from class eu.faircode.netguard.ServiceSinkhole
fffc2947253c83a577c085d0d9327bcb4da5dc78;Rename Method;Rename Method	public updatePackages(context Context) : void renamed to public clearCache(context Context) : void in class eu.faircode.netguard.Rule
cdacbec33971b0aa160ab26ddf76133e80efb837;Extract Method;Extract Method	private getPackages(context Context) : List<PackageInfo> extracted from public getRules(all boolean context Context) : List<Rule> in class eu.faircode.netguard.Rule
cdacbec33971b0aa160ab26ddf76133e80efb837;Extract Method;Extract Method	private getLabel(info PackageInfo context Context) : String extracted from private Rule(info PackageInfo context Context) in class eu.faircode.netguard.Rule
cdacbec33971b0aa160ab26ddf76133e80efb837;Extract And Move Method;Extract And Move Method	public isEnabled(info PackageInfo context Context) : boolean extracted from private Rule(info PackageInfo context Context) in class eu.faircode.netguard.Rule & moved to class eu.faircode.netguard.Util
df04c29f1c6a3d3211502233a1f6f5ac6b990842;Rename Class;Rename Class	eu.faircode.netguard.SinkholeService renamed to eu.faircode.netguard.ServiceSinkhole
cb70d35a5107b2b96adab9939d2df201c63a3657;Rename Method;Rename Method	private startVPN(listAllowed List<Rule> listRule List<Rule>) : ParcelFileDescriptor renamed to private getBuilder(listAllowed List<Rule> listRule List<Rule>) : Builder in class eu.faircode.netguard.SinkholeService
e6bdf5c77d9b96617b75bd59cbda088e8f3d6ee2;Extract And Move Method;Extract And Move Method	public queue(intent Intent) : void extracted from public onStartCommand(intent Intent flags int startId int) : int in class eu.faircode.netguard.SinkholeService & moved to class eu.faircode.netguard.SinkholeService.CommandHandler
19b0fe25a59280bb16ec576fb86780ce5e7d5ac6;Extract Method;Extract Method	private checkExtras(intent Intent) : void extracted from protected onCreate(savedInstanceState Bundle) : void in class eu.faircode.netguard.ActivityMain
72815e6e7927cc1e82f81cc8a52ba21c8195bd55;Rename Class;Rename Class	eu.faircode.netguard.AccessAdapter renamed to eu.faircode.netguard.AdapterAccess
72815e6e7927cc1e82f81cc8a52ba21c8195bd55;Rename Class;Rename Class	eu.faircode.netguard.DnsAdapter renamed to eu.faircode.netguard.AdapterDns
72815e6e7927cc1e82f81cc8a52ba21c8195bd55;Rename Class;Rename Class	eu.faircode.netguard.ForwardingAdapter renamed to eu.faircode.netguard.AdapterForwarding
72815e6e7927cc1e82f81cc8a52ba21c8195bd55;Rename Class;Rename Class	eu.faircode.netguard.LogAdapter renamed to eu.faircode.netguard.AdapterLog
72815e6e7927cc1e82f81cc8a52ba21c8195bd55;Rename Class;Rename Class	eu.faircode.netguard.RuleAdapter renamed to eu.faircode.netguard.AdapterRule
e738cddd80f0ec5b8417396bcc030a4c69ff82d9;Move Attribute;Move Attribute	private dh : DatabaseHelper from class eu.faircode.netguard.ActivityForwarding to class eu.faircode.netguard.DatabaseHelper
e738cddd80f0ec5b8417396bcc030a4c69ff82d9;Move Attribute;Move Attribute	private dh : DatabaseHelper from class eu.faircode.netguard.ActivityLog to class eu.faircode.netguard.DatabaseHelper
e738cddd80f0ec5b8417396bcc030a4c69ff82d9;Move Attribute;Move Attribute	private dh : DatabaseHelper from class eu.faircode.netguard.ActivityMain to class eu.faircode.netguard.DatabaseHelper
e738cddd80f0ec5b8417396bcc030a4c69ff82d9;Move Attribute;Move Attribute	private dh : DatabaseHelper from class eu.faircode.netguard.ActivitySettings.XmlImportHandler to class eu.faircode.netguard.DatabaseHelper
e738cddd80f0ec5b8417396bcc030a4c69ff82d9;Move Attribute;Move Attribute	private dh : DatabaseHelper from class eu.faircode.netguard.RuleAdapter to class eu.faircode.netguard.DatabaseHelper
e738cddd80f0ec5b8417396bcc030a4c69ff82d9;Move Attribute;Move Attribute	private dh : DatabaseHelper from class eu.faircode.netguard.ActivityForwarding to class eu.faircode.netguard.DatabaseHelper
e738cddd80f0ec5b8417396bcc030a4c69ff82d9;Move Attribute;Move Attribute	private dh : DatabaseHelper from class eu.faircode.netguard.ActivityLog to class eu.faircode.netguard.DatabaseHelper
e738cddd80f0ec5b8417396bcc030a4c69ff82d9;Move Attribute;Move Attribute	private dh : DatabaseHelper from class eu.faircode.netguard.ActivityMain to class eu.faircode.netguard.DatabaseHelper
e738cddd80f0ec5b8417396bcc030a4c69ff82d9;Move Attribute;Move Attribute	private dh : DatabaseHelper from class eu.faircode.netguard.ActivitySettings.XmlImportHandler to class eu.faircode.netguard.DatabaseHelper
e738cddd80f0ec5b8417396bcc030a4c69ff82d9;Move Attribute;Move Attribute	private dh : DatabaseHelper from class eu.faircode.netguard.RuleAdapter to class eu.faircode.netguard.DatabaseHelper
e738cddd80f0ec5b8417396bcc030a4c69ff82d9;Move Attribute;Move Attribute	private dh : DatabaseHelper from class eu.faircode.netguard.ActivityForwarding to class eu.faircode.netguard.DatabaseHelper
e738cddd80f0ec5b8417396bcc030a4c69ff82d9;Move Attribute;Move Attribute	private dh : DatabaseHelper from class eu.faircode.netguard.ActivityLog to class eu.faircode.netguard.DatabaseHelper
e738cddd80f0ec5b8417396bcc030a4c69ff82d9;Move Attribute;Move Attribute	private dh : DatabaseHelper from class eu.faircode.netguard.ActivityMain to class eu.faircode.netguard.DatabaseHelper
e738cddd80f0ec5b8417396bcc030a4c69ff82d9;Move Attribute;Move Attribute	private dh : DatabaseHelper from class eu.faircode.netguard.ActivitySettings.XmlImportHandler to class eu.faircode.netguard.DatabaseHelper
e738cddd80f0ec5b8417396bcc030a4c69ff82d9;Move Attribute;Move Attribute	private dh : DatabaseHelper from class eu.faircode.netguard.RuleAdapter to class eu.faircode.netguard.DatabaseHelper
27cc16eb2ee59e5069c300fc2b973a7237f3c60e;Rename Class;Rename Class	eu.faircode.netguard.ActivityForward renamed to eu.faircode.netguard.ActivityForwardApproval
02a665103edb039e44fca661b8696afa3d9b9be5;Extract Method;Extract Method	private checkPermissions() : void extracted from protected onResume() : void in class eu.faircode.netguard.ActivitySettings
c665f114b413bd37c94845a3e67901f972316496;Extract Method;Extract Method	private applyFilter() : void extracted from protected onResume() : void in class eu.faircode.netguard.ActivityLog
c665f114b413bd37c94845a3e67901f972316496;Extract And Move Method;Extract And Move Method	public setResolve(resolve boolean) : void extracted from public onOptionsItemSelected(item MenuItem) : boolean in class eu.faircode.netguard.ActivityLog & moved to class eu.faircode.netguard.LogAdapter
e6d946570a5bcaa441fa2050566b0997e7891cf7;Rename Method;Rename Method	public resolveDNS(ip String) : ResourceRecord renamed to public reverseDNS(ip String) : ResourceRecord in class eu.faircode.netguard.SinkholeService
46fd086337a8765f72c9a7178e4d38571e5f7719;Rename Method;Rename Method	public clear() : DatabaseHelper renamed to public clearLog() : DatabaseHelper in class eu.faircode.netguard.DatabaseHelper
08bbc907c93772f8f4bdf2a9d7af1df474657aa0;Rename Method;Rename Method	public removeLocationChangedListener(listener LogChangedListener) : void renamed to public removeLogChangedListener(listener LogChangedListener) : void in class eu.faircode.netguard.DatabaseHelper
da825d3c73735551068007c6698c35d8a7a7daf8;Extract Method;Extract Method	private stopNative(vpn ParcelFileDescriptor clear boolean) : void extracted from public onDestroy() : void in class eu.faircode.netguard.SinkholeService
e16c4c4af296773dc5517023e99cc57a76037d95;Extract Method;Extract Method	private prepareAllowed(listAllowed List<Rule>) : void extracted from private startNative(vpn ParcelFileDescriptor listAllowed List<Rule>) : void in class eu.faircode.netguard.SinkholeService
94ec8a5266d5c749c444599540659a1cbb5d0a7b;Move Attribute;Move Attribute	private mapIPHost : Map<StringString> from class eu.faircode.netguard.LogAdapter to class eu.faircode.netguard.Util
94ec8a5266d5c749c444599540659a1cbb5d0a7b;Move Attribute;Move Attribute	private mapIPHost : Map<StringString> from class eu.faircode.netguard.LogAdapter to class eu.faircode.netguard.Util
94ec8a5266d5c749c444599540659a1cbb5d0a7b;Move Attribute;Move Attribute	private mapIPHost : Map<StringString> from class eu.faircode.netguard.LogAdapter to class eu.faircode.netguard.Util
94ec8a5266d5c749c444599540659a1cbb5d0a7b;Extract And Move Method;Extract And Move Method	public resolveName(name String tv TextView) : void extracted from public bindView(view View context Context cursor Cursor) : void in class eu.faircode.netguard.LogAdapter & moved to class eu.faircode.netguard.Util
3787fc9190525b80224674bd3b1be6ebb1a83c29;Extract Method;Extract Method	private getDns() : String extracted from private startVPN(listAllowed List<Rule>) : ParcelFileDescriptor in class eu.faircode.netguard.SinkholeService
47be2c367ef786c244ee8ddfaf8202eb4cd90793;Extract And Move Method;Extract And Move Method	private startNative(listAllowed List<Rule>) : void extracted from private start() : void in class eu.faircode.netguard.SinkholeService.ServiceHandler & moved to class eu.faircode.netguard.SinkholeService
47be2c367ef786c244ee8ddfaf8202eb4cd90793;Extract And Move Method;Extract And Move Method	private startNative(listAllowed List<Rule>) : void extracted from private reload() : void in class eu.faircode.netguard.SinkholeService.ServiceHandler & moved to class eu.faircode.netguard.SinkholeService
0b03b6c443be6a85f458710ddc9fb74b2d8d7dfa;Rename Method;Rename Method	private getIntentCreateDocument() : Intent renamed to private getIntentCreateExport() : Intent in class eu.faircode.netguard.ActivitySettings
0b03b6c443be6a85f458710ddc9fb74b2d8d7dfa;Rename Method;Rename Method	private getIntentOpenDocument() : Intent renamed to private getIntentOpenExport() : Intent in class eu.faircode.netguard.ActivitySettings
c7557ff2fae8a1b9a7a302e801bcd4c8fdb9a9c6;Extract And Move Method;Extract And Move Method	private getAllowedUids(listAllowed List<Rule>) : int[] extracted from private start() : void in class eu.faircode.netguard.SinkholeService.ServiceHandler & moved to class eu.faircode.netguard.SinkholeService
c7557ff2fae8a1b9a7a302e801bcd4c8fdb9a9c6;Extract And Move Method;Extract And Move Method	private getAllowedUids(listAllowed List<Rule>) : int[] extracted from private reload() : void in class eu.faircode.netguard.SinkholeService.ServiceHandler & moved to class eu.faircode.netguard.SinkholeService
09481772a024ca3cf21da85b84dcd1caaa0a7960;Extract Method;Extract Method	private run() : void extracted from private handleIntent(intent Intent) : void in class eu.faircode.netguard.SinkholeService.ServiceHandler
09481772a024ca3cf21da85b84dcd1caaa0a7960;Extract Method;Extract Method	private start() : void extracted from private handleIntent(intent Intent) : void in class eu.faircode.netguard.SinkholeService.ServiceHandler
09481772a024ca3cf21da85b84dcd1caaa0a7960;Extract Method;Extract Method	private reload() : void extracted from private handleIntent(intent Intent) : void in class eu.faircode.netguard.SinkholeService.ServiceHandler
09481772a024ca3cf21da85b84dcd1caaa0a7960;Extract Method;Extract Method	private stop() : void extracted from private handleIntent(intent Intent) : void in class eu.faircode.netguard.SinkholeService.ServiceHandler
05c01f08e0a9c5090eb244c1e899516077e4fa67;Move Attribute;Move Attribute	private REQUEST_PCAP : int from class eu.faircode.netguard.ActivitySettings to class eu.faircode.netguard.ActivityLog
05c01f08e0a9c5090eb244c1e899516077e4fa67;Move Attribute;Move Attribute	private REQUEST_PCAP : int from class eu.faircode.netguard.ActivitySettings to class eu.faircode.netguard.ActivityLog
05c01f08e0a9c5090eb244c1e899516077e4fa67;Move Attribute;Move Attribute	private REQUEST_PCAP : int from class eu.faircode.netguard.ActivitySettings to class eu.faircode.netguard.ActivityLog
05c01f08e0a9c5090eb244c1e899516077e4fa67;Extract Method;Extract Method	public setPcap(enabled boolean context Context) : void extracted from public onCreate() : void in class eu.faircode.netguard.SinkholeService
05c01f08e0a9c5090eb244c1e899516077e4fa67;Move Method;Move Method	private getIntentPCAPDocument() : Intent from class eu.faircode.netguard.ActivitySettings to private getIntentPCAPDocument() : Intent from class eu.faircode.netguard.ActivityLog
05c01f08e0a9c5090eb244c1e899516077e4fa67;Move Method;Move Method	private handleExportPCAP(data Intent) : void from class eu.faircode.netguard.ActivitySettings to private handleExportPCAP(data Intent) : void from class eu.faircode.netguard.ActivityLog
d6d82786230c0a435a353ed570ff2dd22447a35f;Move Method;Move Method	public getUid() : int from class eu.faircode.netguard.Packet to public getUid(version int source InetAddress sport int protocol int) : int from class eu.faircode.netguard.SinkholeService
d6d82786230c0a435a353ed570ff2dd22447a35f;Move Method;Move Method	private scanUid(addr String name String) : int from class eu.faircode.netguard.Packet to private scanUid(addr String name String) : int from class eu.faircode.netguard.SinkholeService
051fc0a8d792f766b99953181149f888d262d1e4;Inline Method;Inline Method	public setTheme(context Context) : void inlined to public onCreate() : void in class eu.faircode.netguard.SinkholeService
4ee4b2483d7de2486438fed61989463d40462d84;Rename Method;Rename Method	private dump(name String) : void renamed to private dumpProc(name String) : void in class eu.faircode.netguard.Packet
9db05d1dd0645f241b9254915afac1af0d3c38f3;Rename Class;Rename Class	eu.faircode.netguard.IPv4Packet renamed to eu.faircode.netguard.Packet
9db05d1dd0645f241b9254915afac1af0d3c38f3;Rename Class;Rename Class	eu.faircode.netguard.IPv4Packet.UDPHeader renamed to eu.faircode.netguard.Packet.IPv6Header
06ec2537fb92692b991110011c1f7f1f6b440a7c;Rename Class;Rename Class	eu.faircode.netguard.Packet renamed to eu.faircode.netguard.IPv4Packet
2f376480f7a6fc8b5391f96b5b232f6a0489e88a;Rename Method;Rename Method	public getUid4() : int renamed to public getUid() : int in class eu.faircode.netguard.Packet
e217a84ba85a8b15d2b5e8dbb1bae0a15c093a11;Rename Method;Rename Method	private stopDebug() : void renamed to private stopReceiving() : void in class eu.faircode.netguard.SinkholeService
806f797eaff6b39a1488e13530b9fa47e2df59a4;Rename Method;Rename Method	private getForegroundNotification(allowed int blocked int) : Notification renamed to private getEnforcingNotification(allowed int blocked int) : Notification in class eu.faircode.netguard.SinkholeService
e718655501aa201f63c7c71a05653da6b30c8f25;Rename Method;Rename Method	public notifyApplication(uid int context Context) : void renamed to public notifyNewApplication(uid int context Context) : void in class eu.faircode.netguard.Receiver
730844b3cc343a6d7407ba06280b18f987eda3f6;Extract Method;Extract Method	public setTheme(context Context) : void extracted from public onCreate() : void in class eu.faircode.netguard.SinkholeService
b1fcc24c26dde49bda41a69d1b76e6ef10fa99dc;Extract Method;Extract Method	public getPurchases() : List<String> extracted from public isPurchased(sku String) : boolean in class eu.faircode.netguard.IAB
b1fcc24c26dde49bda41a69d1b76e6ef10fa99dc;Rename Method;Rename Method	public sha256(text String salt String) : String renamed to public md5(text String salt String) : String in class eu.faircode.netguard.Util
28f4ac1de3e368ce925c80a66f7a06fc597407a1;Rename Method;Rename Method	private IABisAvailable(sku String) : boolean renamed to private isAvailable(sku String) : boolean in class eu.faircode.netguard.IAB
28f4ac1de3e368ce925c80a66f7a06fc597407a1;Rename Method;Rename Method	private IABisPurchased(sku String) : boolean renamed to private isPurchased(sku String) : boolean in class eu.faircode.netguard.IAB
28f4ac1de3e368ce925c80a66f7a06fc597407a1;Rename Method;Rename Method	private IABgetBuyIntent(sku String) : PendingIntent renamed to private getBuyIntent(sku String) : PendingIntent in class eu.faircode.netguard.IAB
28f4ac1de3e368ce925c80a66f7a06fc597407a1;Rename Method;Rename Method	public getIABResult(responseCode int) : String renamed to public getResult(responseCode int) : String in class eu.faircode.netguard.IAB
4cfa2cf9cc00786c4019d98c4842618e1acac8e4;Extract Method;Extract Method	public notifyApplication(uid int context Context) : void extracted from public onReceive(context Context intent Intent) : void in class eu.faircode.netguard.Receiver
4091c413f873047d6f6590b06e4b7b2a5ffe3a77;Rename Method;Rename Method	public getNetworkType(networkType int) : String renamed to public getNetworkTypeName(networkType int) : String in class eu.faircode.netguard.Util
51cd4b16866ec873a8455c3d8afc82dded7db38b;Extract And Move Method;Extract And Move Method	public getGeneralInfo(context Context) : String extracted from private updateTechnicalInfo() : void in class eu.faircode.netguard.ActivitySettings & moved to class eu.faircode.netguard.Util
51cd4b16866ec873a8455c3d8afc82dded7db38b;Extract And Move Method;Extract And Move Method	public getNetworkInfo(context Context) : String extracted from private updateTechnicalInfo() : void in class eu.faircode.netguard.ActivitySettings & moved to class eu.faircode.netguard.Util
51cd4b16866ec873a8455c3d8afc82dded7db38b;Extract And Move Method;Extract And Move Method	public getSubscriptionInfo(context Context) : String extracted from private updateTechnicalInfo() : void in class eu.faircode.netguard.ActivitySettings & moved to class eu.faircode.netguard.Util
b0d29c8587016fdcd4e523711d14bd547b32f985;Move Method;Move Method	private getNetworkGeneration(networkType int) : String from class eu.faircode.netguard.ActivitySettings to public getNetworkGeneration(networkType int) : String from class eu.faircode.netguard.Util
d441b29234c1df5abe10fc08a49d226c575a77e3;Extract Method;Extract Method	private refreshScreen() : void extracted from protected onCreate(savedInstanceState Bundle) : void in class eu.faircode.netguard.ActivitySettings
e1ca35f6fb8e1a60b7d901246b3f26fe4e1f9003;Rename Method;Rename Method	private updateTechinicalInfo() : void renamed to private updateTechnicalInfo() : void in class eu.faircode.netguard.ActivitySettings
29258ce20ace8d255465a291dd217bf509e6c7a2;Rename Method;Rename Method	private updateUnused(rule Rule enabled boolean) : void renamed to private updateScreenWifi(rule Rule enabled boolean) : void in class eu.faircode.netguard.RuleAdapter
878ba1eeec725e98139f811a228182461a9d72f8;Rename Method;Rename Method	private IABgetIntent(sku String) : IntentSender renamed to private IABgetBuyIntent(sku String) : PendingIntent in class eu.faircode.netguard.IAB
fe7ef2367c15efce2e890bd8aba0aade30dd93ea;Move Attribute;Move Attribute	private interactiveStateReceiver : BroadcastReceiver from class eu.faircode.netguard.ActivityMain to class eu.faircode.netguard.ActivitySettings
fe7ef2367c15efce2e890bd8aba0aade30dd93ea;Move Attribute;Move Attribute	private interactiveStateReceiver : BroadcastReceiver from class eu.faircode.netguard.ActivityMain to class eu.faircode.netguard.ActivitySettings
fe7ef2367c15efce2e890bd8aba0aade30dd93ea;Move Attribute;Move Attribute	private interactiveStateReceiver : BroadcastReceiver from class eu.faircode.netguard.ActivityMain to class eu.faircode.netguard.ActivitySettings
fe7ef2367c15efce2e890bd8aba0aade30dd93ea;Rename Method;Rename Method	private updateNetworkSummary() : void renamed to private updateTechinicalInfo() : void in class eu.faircode.netguard.ActivitySettings
f60084748015e02998012497344572f5a0fe870c;Move Attribute;Move Attribute	private SKU_DONATE : String from class eu.faircode.netguard.ActivityMain to class eu.faircode.netguard.IAB
f60084748015e02998012497344572f5a0fe870c;Move Method;Move Method	private IABisAvailable(sku String service IInAppBillingService context Context) : boolean from class eu.faircode.netguard.ActivityMain to private IABisAvailable(sku String) : boolean from class eu.faircode.netguard.IAB
f60084748015e02998012497344572f5a0fe870c;Move Method;Move Method	private IABisPurchased(sku String service IInAppBillingService context Context) : boolean from class eu.faircode.netguard.ActivityMain to private IABisPurchased(sku String) : boolean from class eu.faircode.netguard.IAB
f60084748015e02998012497344572f5a0fe870c;Move Method;Move Method	private IABgetIntent(sku String service IInAppBillingService context Context) : IntentSender from class eu.faircode.netguard.ActivityMain to private IABgetIntent(sku String) : IntentSender from class eu.faircode.netguard.IAB
f60084748015e02998012497344572f5a0fe870c;Move Method;Move Method	private getIABResult(responseCode int) : String from class eu.faircode.netguard.ActivityMain to public getIABResult(responseCode int) : String from class eu.faircode.netguard.IAB
84617b9b00783fe11cfdc892cdfb116b3442ae5e;Extract Method;Extract Method	private updateNetworkSummary() : void extracted from public setup(screen PreferenceScreen) : void in class eu.faircode.netguard.ActivitySettings
14b0aea10541c1a043c3322f279a910f755f4180;Rename Method;Rename Method	public isLocalNetwork(context Context) : boolean renamed to public isWifiActive(context Context) : boolean in class eu.faircode.netguard.Util
e551837538a4a08efdbdb37aa3c6ede83c91de13;Rename Method;Rename Method	public isWifiActive(context Context) : boolean renamed to public isLocalNetwork(context Context) : boolean in class eu.faircode.netguard.Util
e551837538a4a08efdbdb37aa3c6ede83c91de13;Rename Method;Rename Method	public isMetered(context Context) : boolean renamed to public isMeteredNetwork(context Context) : boolean in class eu.faircode.netguard.Util
3d486fde21a02aedbedf29545092cd50e7115a41;Extract Method;Extract Method	private handleIntent(intent Intent) : void extracted from public handleMessage(msg Message) : void in class eu.faircode.netguard.SinkholeService.ServiceHandler
bcbab87a251b37bc39f3731834a993e5277b2e7d;Extract Method;Extract Method	public getNetworkGeneration(networkType int) : String extracted from public isMetered(context Context) : boolean in class eu.faircode.netguard.Util
5ed4728a246b345eb9742a7c58ab1a9064307c49;Move Attribute;Move Attribute	private INTENT_VPN_SETTINGS : Intent from class eu.faircode.netguard.FragmentSettings to class eu.faircode.netguard.ActivitySettings
5ed4728a246b345eb9742a7c58ab1a9064307c49;Move Attribute;Move Attribute	private INTENT_VPN_SETTINGS : Intent from class eu.faircode.netguard.FragmentSettings to class eu.faircode.netguard.ActivitySettings
5ed4728a246b345eb9742a7c58ab1a9064307c49;Move Attribute;Move Attribute	private INTENT_VPN_SETTINGS : Intent from class eu.faircode.netguard.FragmentSettings to class eu.faircode.netguard.ActivitySettings
5ed4728a246b345eb9742a7c58ab1a9064307c49;Move Method;Move Method	private getIntentCreateDocument() : Intent from class eu.faircode.netguard.FragmentSettings to private getIntentCreateDocument() : Intent from class eu.faircode.netguard.ActivitySettings
5ed4728a246b345eb9742a7c58ab1a9064307c49;Move Method;Move Method	private getIntentOpenDocument() : Intent from class eu.faircode.netguard.FragmentSettings to private getIntentOpenDocument() : Intent from class eu.faircode.netguard.ActivitySettings
5ed4728a246b345eb9742a7c58ab1a9064307c49;Extract And Move Method;Extract And Move Method	public setup(screen PreferenceScreen) : void extracted from public onCreate(savedInstanceState Bundle) : void in class eu.faircode.netguard.FragmentSettings & moved to class eu.faircode.netguard.ActivitySettings
3404a7ecdf4400405c15af15330c3c9da0203ea5;Move Class;Move Class	eu.faircode.netguard.ActivityMain.XmlImportHandler moved to eu.faircode.netguard.ActivitySettings.XmlImportHandler
3404a7ecdf4400405c15af15330c3c9da0203ea5;Move Attribute;Move Attribute	public REQUEST_EXPORT : int from class eu.faircode.netguard.ActivityMain to class eu.faircode.netguard.ActivitySettings
3404a7ecdf4400405c15af15330c3c9da0203ea5;Move Attribute;Move Attribute	public REQUEST_IMPORT : int from class eu.faircode.netguard.ActivityMain to class eu.faircode.netguard.ActivitySettings
3404a7ecdf4400405c15af15330c3c9da0203ea5;Move Attribute;Move Attribute	private INTENT_VPN_SETTINGS : Intent from class eu.faircode.netguard.ActivityMain to class eu.faircode.netguard.FragmentSettings
3404a7ecdf4400405c15af15330c3c9da0203ea5;Move Attribute;Move Attribute	public REQUEST_EXPORT : int from class eu.faircode.netguard.ActivityMain to class eu.faircode.netguard.ActivitySettings
3404a7ecdf4400405c15af15330c3c9da0203ea5;Move Attribute;Move Attribute	public REQUEST_IMPORT : int from class eu.faircode.netguard.ActivityMain to class eu.faircode.netguard.ActivitySettings
3404a7ecdf4400405c15af15330c3c9da0203ea5;Move Attribute;Move Attribute	private INTENT_VPN_SETTINGS : Intent from class eu.faircode.netguard.ActivityMain to class eu.faircode.netguard.FragmentSettings
3404a7ecdf4400405c15af15330c3c9da0203ea5;Move Attribute;Move Attribute	public REQUEST_EXPORT : int from class eu.faircode.netguard.ActivityMain to class eu.faircode.netguard.ActivitySettings
3404a7ecdf4400405c15af15330c3c9da0203ea5;Move Attribute;Move Attribute	public REQUEST_IMPORT : int from class eu.faircode.netguard.ActivityMain to class eu.faircode.netguard.ActivitySettings
3404a7ecdf4400405c15af15330c3c9da0203ea5;Move Attribute;Move Attribute	private INTENT_VPN_SETTINGS : Intent from class eu.faircode.netguard.ActivityMain to class eu.faircode.netguard.FragmentSettings
3404a7ecdf4400405c15af15330c3c9da0203ea5;Move Method;Move Method	private handleExport(data Intent) : void from class eu.faircode.netguard.ActivityMain to private handleExport(data Intent) : void from class eu.faircode.netguard.ActivitySettings
3404a7ecdf4400405c15af15330c3c9da0203ea5;Move Method;Move Method	private handleImport(data Intent) : void from class eu.faircode.netguard.ActivityMain to private handleImport(data Intent) : void from class eu.faircode.netguard.ActivitySettings
3404a7ecdf4400405c15af15330c3c9da0203ea5;Move Method;Move Method	private getIntentCreateDocument() : Intent from class eu.faircode.netguard.ActivityMain to private getIntentCreateDocument() : Intent from class eu.faircode.netguard.FragmentSettings
3404a7ecdf4400405c15af15330c3c9da0203ea5;Move Method;Move Method	private getIntentOpenDocument() : Intent from class eu.faircode.netguard.ActivityMain to private getIntentOpenDocument() : Intent from class eu.faircode.netguard.FragmentSettings
3404a7ecdf4400405c15af15330c3c9da0203ea5;Move Method;Move Method	private xmlExport(out OutputStream) : void from class eu.faircode.netguard.ActivityMain to private xmlExport(out OutputStream) : void from class eu.faircode.netguard.ActivitySettings
3404a7ecdf4400405c15af15330c3c9da0203ea5;Move Method;Move Method	private xmlExport(prefs SharedPreferences serializer XmlSerializer) : void from class eu.faircode.netguard.ActivityMain to private xmlExport(prefs SharedPreferences serializer XmlSerializer) : void from class eu.faircode.netguard.ActivitySettings
3404a7ecdf4400405c15af15330c3c9da0203ea5;Move Method;Move Method	private xmlImport(in InputStream) : void from class eu.faircode.netguard.ActivityMain to private xmlImport(in InputStream) : void from class eu.faircode.netguard.ActivitySettings
3404a7ecdf4400405c15af15330c3c9da0203ea5;Move Method;Move Method	private xmlImport(settings Map<StringObject> prefs SharedPreferences) : void from class eu.faircode.netguard.ActivityMain to private xmlImport(settings Map<StringObject> prefs SharedPreferences) : void from class eu.faircode.netguard.ActivitySettings
3404a7ecdf4400405c15af15330c3c9da0203ea5;Extract And Move Method;Extract And Move Method	protected onActivityResult(requestCode int resultCode int data Intent) : void extracted from protected onActivityResult(requestCode int resultCode int data Intent) : void in class eu.faircode.netguard.ActivityMain & moved to class eu.faircode.netguard.ActivitySettings
801e518795d633565d5a33d66439c2c957b0aa08;Rename Method;Rename Method	private getForegroundNotification() : Notification renamed to private showStartedNotification() : void in class eu.faircode.netguard.SinkholeService
801e518795d633565d5a33d66439c2c957b0aa08;Rename Method;Rename Method	private removeStoppedNotification() : void renamed to private removeStateNotification() : void in class eu.faircode.netguard.SinkholeService
e2b4b7d495cdda0346ca85d0ff1532573ecaa551;Extract Method;Extract Method	private handleExport(data Intent) : void extracted from protected onActivityResult(requestCode int resultCode int data Intent) : void in class eu.faircode.netguard.ActivityMain
e2b4b7d495cdda0346ca85d0ff1532573ecaa551;Extract Method;Extract Method	private handleImport(data Intent) : void extracted from protected onActivityResult(requestCode int resultCode int data Intent) : void in class eu.faircode.netguard.ActivityMain
1de33fd3d99ab3a0ca8f45a0f5cb5f7b4126b320;Extract Method;Extract Method	private showDisabledNotification() : void extracted from public onRevoke() : void in class eu.faircode.netguard.SinkholeService
3c76906cbebbcc99822356569715a1f38f2c5ffc;Rename Method;Rename Method	public addAll(listRule List<Rule>) : void renamed to public set(listRule List<Rule>) : void in class eu.faircode.netguard.RuleAdapter
37b765aff6e15cda5068020d2492d5ba7e5ab482;Inline Method;Inline Method	private fillApplicationList() : void inlined to protected onCreate(savedInstanceState Bundle) : void in class eu.faircode.netguard.ActivityMain
8efa12847d273f6ef96b3547146669976f8281c4;Rename Method;Rename Method	private getBillingResult(responseCode int) : String renamed to private getIABResult(responseCode int) : String in class eu.faircode.netguard.ActivityMain
7aa461383026696ca944f260843ee208ac2ad95e;Extract Method;Extract Method	private menu_network() : void extracted from public onOptionsItemSelected(item MenuItem) : boolean in class eu.faircode.netguard.ActivityMain
7aa461383026696ca944f260843ee208ac2ad95e;Extract Method;Extract Method	private menu_whitelist_wifi(prefs SharedPreferences) : void extracted from public onOptionsItemSelected(item MenuItem) : boolean in class eu.faircode.netguard.ActivityMain
7aa461383026696ca944f260843ee208ac2ad95e;Extract Method;Extract Method	private menu_whitelist_other(prefs SharedPreferences) : void extracted from public onOptionsItemSelected(item MenuItem) : boolean in class eu.faircode.netguard.ActivityMain
7aa461383026696ca944f260843ee208ac2ad95e;Extract Method;Extract Method	private menu_reset_wifi() : void extracted from public onOptionsItemSelected(item MenuItem) : boolean in class eu.faircode.netguard.ActivityMain
7aa461383026696ca944f260843ee208ac2ad95e;Extract Method;Extract Method	private menu_reset_other() : void extracted from public onOptionsItemSelected(item MenuItem) : boolean in class eu.faircode.netguard.ActivityMain
7aa461383026696ca944f260843ee208ac2ad95e;Extract Method;Extract Method	private menu_theme(prefs SharedPreferences) : void extracted from public onOptionsItemSelected(item MenuItem) : boolean in class eu.faircode.netguard.ActivityMain
7aa461383026696ca944f260843ee208ac2ad95e;Extract Method;Extract Method	private menu_vpn_settings() : void extracted from public onOptionsItemSelected(item MenuItem) : boolean in class eu.faircode.netguard.ActivityMain
7aa461383026696ca944f260843ee208ac2ad95e;Extract Method;Extract Method	private menu_support() : void extracted from public onOptionsItemSelected(item MenuItem) : boolean in class eu.faircode.netguard.ActivityMain
7aa461383026696ca944f260843ee208ac2ad95e;Extract Method;Extract Method	private menu_about() : void extracted from public onOptionsItemSelected(item MenuItem) : boolean in class eu.faircode.netguard.ActivityMain
7aa461383026696ca944f260843ee208ac2ad95e;Rename Method;Rename Method	private vpnStart() : ParcelFileDescriptor renamed to private startVPN() : ParcelFileDescriptor in class eu.faircode.netguard.SinkholeService
7aa461383026696ca944f260843ee208ac2ad95e;Rename Method;Rename Method	private vpnStop(pfd ParcelFileDescriptor) : void renamed to private stopVPN(pfd ParcelFileDescriptor) : void in class eu.faircode.netguard.SinkholeService
7aa461383026696ca944f260843ee208ac2ad95e;Rename Method;Rename Method	private receiveStart(pfd ParcelFileDescriptor) : void renamed to private startDebug(pfd ParcelFileDescriptor) : void in class eu.faircode.netguard.SinkholeService
7aa461383026696ca944f260843ee208ac2ad95e;Rename Method;Rename Method	private receivedEnd() : void renamed to private stopDebug() : void in class eu.faircode.netguard.SinkholeService
947e06390f92cfc6c0d10c593295a622b3d23259;Rename Class;Rename Class	eu.faircode.netguard.BlackHoleService renamed to eu.faircode.netguard.SinkholeService
4bc5ddde789969eb7ede5342f2bd0452fe6a4c3a;Extract And Move Method;Extract And Move Method	public start(context Context) : void extracted from public onReceive(context Context intent Intent) : void in class eu.faircode.netguard.Receiver & moved to class eu.faircode.netguard.BlackHoleService
918a633336e85a705d2baa9a8d4fc6eedea21cc9;Rename Method;Rename Method	private getApplicationList() : void renamed to private fillApplicationList() : void in class eu.faircode.netguard.ActivityMain
f9b1f1f3092e7de4db092c5a5602eadc0b9fd163;Rename Class;Rename Class	eu.faircode.netguard.BootReceiver renamed to eu.faircode.netguard.Receiver
f9b1f1f3092e7de4db092c5a5602eadc0b9fd163;Rename Method;Rename Method	public run() : void renamed to private vpnStart() : void in class eu.faircode.netguard.BlackHoleService
de7eaa8554c9226fdff1abd3dcb63ef7fba39b75;Extract Method;Extract Method	private getApplicationList() : void extracted from protected onCreate(savedInstanceState Bundle) : void in class eu.faircode.netguard.ActivityMain
